Site,Plot,group,Avg_CC,Avg_Woody_Live,Avg_Woody_Dead,Avg_Woody_Ht,Avg_Herb_Live,Avg_Herb_Dead,Avg_Herb_Ht,Avg_Cones,Avg_Acorns,Avg_Balls,Aspect,Slope,Avg_Depth_cm,Avg_Duff_cm,Pine_pct,UO_pct,SG_pct,WO_pct,Meso_pct,Meso_pct_sum,Avg_Pine_load,Avg_UO_load,Avg_SG_load,Avg_WO_load,Avg_Meso_load,Meso_load_sum,Avg_Total_load,BA_m2ha,BA_ft2a,Pine_m2ha,Pine_ft2a,Pine_pctBAft2a,pine_iv,uo_iv,meso_iv
Tuskegee,1,bw3070,91.33333333,0.666666667,0,6.666666667,8.666666667,0,16.66666667,2,0,0,N/A,0,3.25,0.75,54.84107579,0,11.24694377,33.25183374,0.660146699,45.15892421,373.79595,0,76.659,226.644,4.49955,307.80255,681.5985,51.9558161,226.3128399,24.84300639,108.2129346,47.81564078,102.8881045,45.71857933,151.3933161
Tuskegee,2,above70,91.33333333,0.333333333,0,13.33333333,40,0,30,5.666666667,0,0.666666667,N/A,0,2.25,0.625,36.13367371,0,16.88326758,42.10953818,4.873520538,63.86632629,172.9827,0,80.82525,201.59095,23.331,305.7472,478.7299,38.37685955,167.164655,29.06312414,126.5952237,75.73085575,161.4451415,0,138.5548585
Tuskegee,2.2,above70,89.94666667,10.33333333,0,56.66666667,43.33333333,0,36.66666667,2,0,0,W,3.3,1.75,0.25,38.79965135,0,15.09152036,22.31353505,23.79529324,61.20034865,173.0938,0,67.3266,99.5456,106.15605,273.02825,446.12205,29.85080338,130.026253,24.93748288,108.624462,83.5404078,166.8737411,0,133.1262589
Tuskegee,3,bw3070,93.06666667,0.333333333,0,10,18.33333333,0,11.66666667,1,0,0,N/A,0,2.25,0.125,44.16435826,0,4.349030471,43.58264081,7.903970452,55.83564174,265.69565,0,26.16405,262.196,47.5508,335.91085,601.6065,39.2672053,171.0428863,26.31107933,114.6076711,67.00522517,157.0052252,0,142.9947748
Tuskegee,3.2,bw3070,88.90666667,18.33333333,0,40,5,0,8.333333333,1.333333333,0,0,N/A,0,1.75,0.125,59.23348567,0,12.54673868,15.76651433,12.45326132,40.76651433,316.80165,0,67.1044,84.3249,66.60445,218.03375,534.8354,36.54594103,159.1894098,25.22277546,109.8671597,69.01662606,152.3499594,0,147.6500406
Tuskegee,6,bw3070,93.41333333,56.66666667,0,100,6.666666667,0,15,0.333333333,0.333333333,0.333333333,N,6.6,2.75,0.375,42.8659885,26.46616541,2.043343653,14.28571429,14.33878815,30.66784609,269.1953,166.2056,12.83205,89.71325,90.04655,192.59185,627.99275,42.7700548,186.3008474,16.38138365,71.35519629,38.30105837,98.90711897,84.64802139,116.4448596
Tuskegee,7,above70,85.44,6.666666667,0,30,50,0,26.66666667,2,0,0.333333333,N/A,0,3.5,0,66.9820246,0,22.44297277,1.124776621,9.450226007,33.0179754,353.9646,0,118.59925,5.94385,49.93945,174.48255,528.44715,31.20677768,135.9327023,27.02601866,117.7218547,86.60304161,176.6030416,0,123.3969584
Tuskegee,7.2,bw3070,90.29333333,2.333333333,0,46.66666667,36.66666667,0,30,3.666666667,0,0,N/A,0,2.75,0,70.79107505,0.792919048,9.524248571,4.76673428,14.12502305,28.4160059,426.5129,4.7773,57.38315,28.71935,85.1026,171.2051,602.4953,59.30708787,258.3340325,39.68870083,172.8788665,66.92067045,140.4500822,0,159.5499178
Tuskegee,8,bw3070,74.34666667,36.66666667,0,73.33333333,23.33333333,0,20,1.666666667,0.666666667,0,NE,6,1.5,0.625,52.18338109,3.277936963,22.42979943,1.35243553,20.75644699,44.53868195,252.91915,15.8873,108.71135,6.5549,100.60105,215.8673,484.67375,51.06290854,222.4234497,32.378845,141.0380765,63.40971544,168.965271,0,131.034729
Tuskegee,9,bw3070,86.13333333,11.66666667,0,60,46.66666667,0,13.33333333,2,0.333333333,0,N/A,0,2,0.125,47.7568318,0.438404209,4.413269034,29.38769546,18.0037995,51.80476399,181.5374,1.6665,16.7761,111.71105,68.4376,196.92475,380.12865,61.47585492,267.7809023,31.8433877,138.7056935,51.7982023,115.1315356,93.28678717,91.58167719
Tuskegee,12,bw3070,89.6,56.66666667,0,106.6666667,6.666666667,0,15,2.666666667,1.333333333,0,N,10.9,2.5,0.25,51.47069774,43.63690521,0.34998883,0.618065381,3.92434284,4.892397051,383.9616,325.523,2.61085,4.61065,29.27485,36.49635,745.98095,27.03436395,117.7582057,15.4499713,67.29808409,57.14937967,157.1493797,142.8506203,0
Tuskegee,17,above70,87.17333333,2,0,26.66666667,3.333333333,0,5,1,0.333333333,0,N/A,0,3,0.375,53.11540149,0,8.194383502,28.72970601,9.960508995,46.88459851,268.9731,0,41.49585,145.48545,50.4394,237.4207,506.3938,45.34098734,197.4994983,33.70376704,146.8092662,74.33399451,180.5839945,0,119.4160055
Kreher,19,bw3070,95.49333333,18.33333333,0,45,0,0,0,8,0.666666667,0,E,4.6,3.5,0.875,43.93865864,13.20003882,21.95477046,8.143259245,12.76327283,42.86130253,251.47485,75.548,125.6541,46.60645,73.04825,245.3088,572.33165,67.60785994,294.491126,27.78474167,121.0267544,41.09691046,107.7635771,61.64899863,130.5874242
Kreher,20,bw3070,90.64,28.33333333,0,23.33333333,1.666666667,0,1.666666667,1,0,0.666666667,SE,4.9,4,1.125,78.13431353,0.784820187,12.35843433,2.563083648,6.159348301,21.08086628,436.90075,4.38845,69.1042,14.3319,34.441,117.8771,559.1663,58.52973351,254.9479771,40.48224118,176.335426,69.16525798,144.165258,0,155.834742
Kreher,21,bw3070,93.41333333,30,0,16.66666667,13.33333333,0,16.66666667,4,0,1,SW,6.9,4.75,1.5,62.70560296,0.923564078,16.71211188,14.56592488,5.0927962,36.37083297,396.01595,5.83275,105.545,91.9908,32.16345,229.69925,631.54795,47.37855861,206.3748961,29.04406582,126.5122081,61.30213048,148.1442358,0,151.8557642
Kreher,22,bw3070,90.64,9,0,15,20,0,8.333333333,1,0,0.333333333,SE,9.6,3.5,0.5,57.17420917,0.423792947,25.27622219,15.43817164,1.687604056,42.40199788,419.68025,3.1108,185.537,113.322,12.38765,311.24665,734.0377,39.68346076,172.8560415,15.59032748,67.90945756,39.28671337,109.2867134,0,190.7132866
Kreher,23,bw3070,96.53333333,13.33333333,0,30,3.333333333,0,3.333333333,4.333333333,0,0,S,12.3,3.5,0.75,31.63723017,19.65236894,13.38659938,5.060274741,30.26352677,48.7104009,125.37635,77.8811,53.05025,20.05355,119.93245,193.03625,396.2937,51.2384314,223.1880046,23.27478994,101.3819858,45.42447788,92.09114455,66.63701643,141.271839
MOT,24,bw3070,96.53333333,13.33333333,0,60,3.333333333,0,3.333333333,4.333333333,0,0,SW,1.1,3,0.75,63.27872168,0.414644013,8.394012945,12.45954693,15.45307443,36.3066343,347.57635,2.27755,46.1065,68.4376,84.8804,199.4245,549.2784,47.33236839,206.1736975,30.28984343,131.9386549,63.99393157,147.3272649,0,152.6727351
MOT,25,above70,93.41333333,11.66666667,0,20,13.33333333,0,6.666666667,5.333333333,0,0,SE,2.7,2.5,0.25,78.19353759,0.401808137,2.569897874,11.40967688,7.425079525,21.40465428,518.89255,2.6664,17.05385,75.71465,49.27285,142.04135,663.6003,42.44439429,184.8823121,33.15220138,144.4067172,78.10737305,174.2612192,0,125.7387808
MOT,26,bw3070,95.49333333,8.333333333,0,13.33333333,16.66666667,0,16.66666667,1,0,0,SE,3.8,2.25,0.25,66.37082771,0,5.961798186,17.76963149,9.89774262,33.62917229,382.184,0,34.3299,102.3231,56.9943,193.6473,575.8313,30.13563018,131.2669218,17.52837628,76.35134838,58.16495682,114.8316235,0,185.1683765
MOT,27,bw3070,96.53333333,5,0,6.666666667,8.333333333,0,6.666666667,3,0,0,S,1.7,2.25,0.25,32.62982083,1.24506529,9.003947768,43.09140601,14.0297601,66.12511388,119.37695,4.5551,32.94115,157.6509,51.3282,241.92025,365.8523,30.93817568,134.7627066,9.820624633,42.77737542,31.74273989,71.32607322,42.22114901,186.4527778
MOT,28,bw3070,88.56,10,0,13.33333333,5,0,8.333333333,2.666666667,0,0,E,5,3.25,0,67.66608325,6.445475991,2.739517541,15.9500799,7.198843315,25.88844076,493.9506,47.05085,19.998,116.4328,52.5503,188.9811,729.98255,48.50121404,211.2650385,29.70776893,129.4032133,61.25159859,150.1404875,42.97647966,106.8830329
MOT,29,bw3070,89.6,5.666666667,0,23.33333333,0,0,0,0.666666667,0,0,E,6,4.25,0.275,34.98336389,40.59889998,4.332178991,17.70896992,2.376587221,24.41773613,286.1936,332.13345,35.4409,144.8744,19.4425,199.7578,818.08485,29.1478968,126.9644825,10.76911573,46.90888041,36.94645896,103.6131256,97.48611292,98.90076145
MOT,30,bw3070,93.06666667,9,0,58.33333333,0,0,0,5,0,0,E,6.2,3.25,0,28.47555129,17.82118888,1.342281879,38.77037392,13.59060403,53.70325983,131.9868,82.60285,6.2216,179.70425,62.9937,248.91955,463.5092,41.62546872,181.3151779,17.26617881,75.20924999,41.47984237,94.8131757,57.44898815,147.7378361
MOT,31,above70,96.18666667,8.333333333,0,53.33333333,5,0,6.666666667,5.333333333,0.666666667,0,E,2.7,3.5,0.375,76.60538692,2.727661394,2.471141513,13.62975631,4.566053869,20.66695169,497.67245,17.72045,16.05395,88.5467,29.6637,134.26435,649.65725,41.1254498,179.1371599,31.27330713,136.222496,76.0436841,173.1025076,0,126.8974924
MOT,32,below30,95.84,0,0,0,8.333333333,0,6.666666667,0,0.666666667,0,S,1.1,4,0.875,10.61292271,33.19746377,2.838164251,38.55676329,14.79468599,56.18961353,39.05165,122.15445,10.4434,141.8747,54.439,206.7571,367.9632,25.50306087,111.0880468,4.20653239,18.32311304,16.49422558,56.72411064,102.2436602,141.0322292
MOT,33,bw3070,94.10666667,15,0,53.33333333,5,0,3.333333333,3.333333333,0,0,SE,4.8,3.25,0.5,32.74184316,24.79965655,9.70234688,16.57126503,16.18488838,42.45850029,127.0984,96.26815,37.6629,64.3269,62.82705,164.81685,388.1834,34.88619806,151.9597833,16.88978668,73.56973436,48.41395056,100.4972839,57.15946343,142.3432527
Tuskegee,34,bw3070,86.13333333,13.33333333,0,70,20,0,23.33333333,2.666666667,0,0,N,0.8,2.25,0,45.62923138,8.243727599,8.841099164,7.377538829,29.90840303,46.12704102,254.58565,45.9954,49.3284,41.16255,166.8722,257.36315,557.9442,43.36295877,188.8834607,30.62016178,133.377479,70.61363581,153.9469692,0,146.0530308
Tuskegee,35,bw3070,88.56,11.66666667,0,33.33333333,5,0,10,0.666666667,0,0.333333333,W,6.2,2.75,0,37.59898905,14.32181971,15.1727043,5.307497894,27.59898905,48.07919124,247.91965,94.435,100.04555,34.9965,181.9818,317.02385,659.3785,36.30955574,158.159746,24.90546024,108.4849755,68.59202689,161.4491697,0,138.5508303
Tuskegee,36,bw3070,84.05333333,3.666666667,0,76.66666667,50,0,23.33333333,0.333333333,0,0.333333333,N/A,0,1.5,0.375,47.12764362,0,12.19439028,38.0980951,2.579871006,52.87235638,174.5381,0,45.16215,141.097,9.5546,195.81375,370.35185,60.82954107,264.9656424,18.67614521,81.35088196,30.70242663,100.7024266,0,199.2975734
Tuskegee,37,bw3070,88.90666667,15,0,93.33333333,46.66666667,0,30,1,0,0,N/A,0,2.75,0.375,70.21160161,0.519883254,18.46041591,1.805910252,9.002188982,29.26851514,427.6239,3.16635,112.4332,10.9989,54.82785,178.25995,609.0502,38.45759541,167.51633,23.81071303,103.7163977,61.91420128,151.9142013,0,148.0857987
Tuskegee,38,bw3070,93.76,10,0,63.33333333,36.66666667,0,30,1,0,0,N/A,0,2.25,0.375,36.29293584,0.220349968,12.35255995,20.85547634,30.2786779,63.48671419,155.54,0.94435,52.93915,89.37995,129.7648,272.0839,428.56825,40.150836,174.8918678,14.58559299,63.53296359,36.32699701,98.82699702,0,201.173003
Tuskegee,39,bw3070,89.6,3.333333333,0,16.66666667,63.33333333,0,33.33333333,0.333333333,0,0,N/A,0,2,0.25,72.30936293,0,10.09893822,12.08976834,5.501930502,27.69063707,332.91115,0,46.49535,55.6611,25.3308,127.48725,460.3984,35.86174343,156.2091332,24.53601605,106.8757242,68.41835812,157.307247,0,142.692753
Tuskegee,40,bw3070,80.24,20.33333333,0,65,5.333333333,0,13.33333333,3.333333333,0,0,NE,1.2,2.5,0.625,71.94651891,0,12.45483016,10.82871597,4.769934955,28.05348109,331.80015,0,57.4387,49.93945,21.9978,129.37595,461.1761,48.89930393,212.9990668,34.78578283,151.5223875,71.13758281,146.1375828,0,153.8624172
Tuskegee,41,above70,74,46.66666667,0,73.33333333,0,0,0,3.666666667,0,0,NE,2.8,2.75,0.25,69.91405849,1.289122627,2.995125705,25.48742945,0.314263725,28.79681888,605.55055,11.16555,25.94185,220.7557,2.72195,249.4195,866.1356,36.53732403,159.1518753,33.74941386,147.0080978,92.36969251,202.6261028,42.13090687,55.24299036
Tuskegee,42,above70,93.06666667,16.66666667,0,51.66666667,8.333333333,0,11.66666667,2,1,0.333333333,E,1.2,4.5,1.25,65.75929252,0,0,32.9556446,1.285062871,34.24070748,264.36245,0,0,132.48675,5.16615,137.6529,402.01535,37.92889197,165.2133659,28.81059169,125.4952249,75.9594868,181.5150423,0,118.4849577
Tuskegee,43,bw3070,88.90666667,20,0,40,6.666666667,0,8.333333333,2.666666667,1,0,E,1,1.75,0,49.21837422,0,0.384800385,47.43867244,2.958152958,50.78162578,227.36615,0,1.7776,219.14475,13.6653,234.58765,461.9538,15.74877161,68.59961975,7.508745515,32.70712789,47.67829327,126.2497218,0,173.7502782
Tuskegee,44,bw3070,90.98666667,38.33333333,0,56.66666667,5.333333333,0,18.33333333,0.333333333,1.666666667,0,S,2.6,3,1.25,38.25123153,0.886699507,0,59.3226601,1.539408867,60.86206897,172.5383,3.9996,0,267.58435,6.94375,274.5281,451.066,33.58002381,146.2702566,14.41868713,62.80594315,42.93828739,130.4382874,0,169.5617126
Tuskegee,45,bw3070,89.94666667,20,0,41.66666667,0.333333333,0,3.333333333,1.666666667,0.333333333,0,N/A,0,4.5,1.5,47.25450474,43.0856168,1.588655507,7.570103423,0.501119522,9.659878452,246.1976,224.47755,8.27695,39.4405,2.61085,50.3283,521.00345,28.74965164,125.2297779,12.47256475,54.32888483,43.38335957,118.3833596,63.92141164,117.6952288
Tuskegee,47,bw3070,92.37333333,5.333333333,0,13.33333333,1,0,10,1,0.333333333,0,S,2.1,1.5,0.5,52.55446058,3.397302905,0,42.60892116,1.439315353,44.04823651,225.14415,14.5541,0,182.5373,6.16605,188.70335,428.4016,30.89897221,134.5919413,11.83657577,51.5585988,38.30734463,87.43015165,75.57918521,136.9906631
Tuskegee,48,bw3070,94.45333333,2,0,30,10.66666667,0,10,0.666666667,0.666666667,0,S,1.8,3.75,0.875,28.66979656,17.33959311,2.081377152,18.32550861,33.58372457,53.99061033,101.7676,61.5494,7.38815,65.04905,119.2103,191.6475,354.9645,29.22145182,127.2848787,10.77035782,46.91429079,36.85770948,120.1910428,0,179.8089572
Tuskegee,49,above70,84.74666667,38.33333333,0,136.6666667,28.33333333,0,23.33333333,0.333333333,0,0,N/A,0,3,0.5,77.82989368,0,7.827809047,10.7879925,3.554304774,22.17010632,414.79185,0,41.71805,57.49425,18.94255,118.15485,532.9467,50.37215115,219.4145995,36.91554048,160.7993374,73.28561444,166.1427573,0,133.8572427
Tuskegee,50,bw3070,91.68,8.666666667,0,43.33333333,43.33333333,0,23.33333333,1,0.333333333,0.333333333,N/A,0,3.75,1.25,76.53576265,0,11.7444294,9.208420534,2.511387418,23.46423735,345.35435,0,52.9947,41.5514,11.3322,105.8783,451.23265,60.3770321,262.9945717,37.90067323,165.0904487,62.77332939,136.5828532,0,163.4171468
Tuskegee,51,above70,94.10666667,10,0,30,33.33333333,0,30,1.333333333,0,0.333333333,N/A,0,3.25,0.375,74.77044163,0,24.26759948,0.408103775,0.553855123,25.22955837,284.9715,0,92.49075,1.5554,2.1109,96.15705,381.12855,54.66007926,238.0922618,44.60124503,194.277276,81.59747594,167.9611123,0,132.0388877
MOT,52,bw3070,94.10666667,6.333333333,0,21.66666667,0,0,0,1.333333333,1.333333333,0,SW,4.1,2.5,0.5,20.34343788,54.93253899,6.868757666,12.03784826,5.817417207,24.72402313,64.49355,174.14925,21.7756,38.16285,18.4426,78.38105,317.02385,26.66546317,116.1513215,9.34816459,40.71940035,35.05719938,96.96196128,91.27678213,111.7612566
MOT,53,bw3070,91.33333333,0,0,0,6.666666667,0,8.333333333,4,2.333333333,0,SW,2.8,2.75,0.375,20.56539298,56.22864244,2.195298747,6.347727037,14.6629388,23.20596459,110.3223,301.6365,11.7766,34.05215,78.6588,124.48755,536.44635,31.79851719,138.5102433,16.75699948,72.99133043,52.69742415,116.7999883,68.93703356,114.2629782
MOT,54,bw3070,90.64,1.666666667,0,3.333333333,0.666666667,0,1.666666667,3,0,0.666666667,SW,3.1,2.75,0.5,71.72200089,0.2478973,12.06728641,7.330677291,8.632138114,28.03010181,450.01055,1.5554,75.71465,45.9954,54.16125,175.8713,627.43725,38.75845293,168.8268266,25.435988,110.795886,65.62694347,167.8008565,0,132.1991435
MOT,55,bw3070,97.22666667,0,0,0,3.333333333,0,5,2.333333333,0.333333333,0,W,7.3,1.875,0.25,44.65039646,22.09865101,9.360518999,1.853568119,22.03686541,33.25095253,240.8648,119.2103,50.49495,9.999,118.877,179.37095,539.44605,51.18172223,222.9409868,22.86202786,99.58404735,44.66834421,104.0886341,54.72493338,141.1864326
MOT,56,bw3070,97.22666667,0.666666667,0,1.666666667,4.333333333,0,6.666666667,2.666666667,0.666666667,0,N,1.4,2.25,0.275,31.40958377,41.68124053,7.625043722,3.777544596,15.50658738,26.9091757,149.6517,198.59125,36.3297,17.9982,73.8815,128.2094,476.45235,28.45512101,123.9468404,13.58629265,59.18014005,47.74638857,113.131004,0,186.868996
MOT,57,bw3070,96.88,1.666666667,0,66.66666667,21.66666667,0,23.33333333,1,0,0,SW,5.6,2,0.375,44.85083776,16.16264814,9.991826727,2.033101757,26.96158562,38.9865141,243.8645,87.8801,54.3279,11.05445,146.59645,211.9788,543.7234,38.90657218,169.4720149,19.38964838,84.4588098,49.83643454,94.93447376,75.0303331,130.0351931
MOT,58,below30,95.14666667,5,0,13.33333333,5,0,16.66666667,0.666666667,2.333333333,0,S,4.7,2.375,0.4,25.03843879,58.39148433,0,1.159077469,15.41099941,16.57007688,117.59935,274.25035,0,5.4439,72.38165,77.82555,469.67525,33.85836845,147.48269,9.703829343,42.26863019,28.66006186,71.9933952,97.4194786,130.5871262
MOT,59,bw3070,94.45333333,0,0,0,3.333333333,0,16.66666667,3,0,0,NE,1.2,1.75,0.375,65.36964981,0.624926306,2.181346539,31.5882561,0.235821247,34.00542389,307.9692,2.94415,10.27675,148.81845,1.111,160.2062,471.11955,46.87547329,204.1835213,29.84307913,129.9926071,63.66459267,127.950307,0,172.049693
MOT,60,bw3070,95.84,11.66666667,0,43.33333333,1.666666667,0,3.333333333,2.333333333,0,1,SE,4,2.75,0.2,87.87693717,0.244293458,4.962210856,2.908618979,4.007939537,11.87876937,639.43605,1.7776,36.1075,21.16455,29.16375,86.4358,727.64945,51.73565562,225.3538492,37.06218475,161.4381009,71.63760525,174.2691842,0,125.7308158
Talladega,61,bw3070,94.8,13.33333333,0,23.33333333,0,0,0,2.666666667,0,1,W,11.7,3.5,1,67.1676905,0,9.998692981,0,22.83361652,32.8323095,285.47145,0,42.49575,0,97.04585,139.5416,425.01305,22.67703405,98.77823818,12.23175452,53.2799465,53.93895202,127.4683638,0,172.5316362
Talladega,62,bw3070,97.22666667,6.666666667,0,11.66666667,6.666666667,0,3.333333333,4.666666667,0,0,N,8.3,3.5,0.875,65.45662427,6.488495069,15.16364156,0.300128627,12.59111048,28.05488066,254.419,25.2197,58.93855,1.16655,48.93955,109.04465,388.68335,43.82435645,190.8932495,30.20394514,131.5644929,68.92045334,166.2888744,0,133.7111256
Talladega,63,bw3070,98.26666667,3.333333333,0,36.66666667,0,0,0,8.666666667,0,0,W,10.9,3.125,1,71.91332301,0,0,0.083343255,28.00333373,28.08667699,335.522,0,0,0.38885,130.6536,131.04245,466.56445,45.41042795,197.8019726,31.85837041,138.7709562,70.15650777,163.0136506,0,136.9863494
Talladega,64,bw3070,96.53333333,13.33333333,0,83.33333333,5,0,6.666666667,5.666666667,0,0,S,4.5,3.5,1.5,67.08041015,16.97247706,0.647598489,0,15.2995143,15.94711279,276.1946,69.8819,2.6664,0,62.9937,65.6601,411.7366,30.77736382,134.0622308,21.73622839,94.68020995,70.62407462,143.957408,62.56581387,93.47677818
Talladega,65,above70,95.84,13.33333333,0,18.33333333,8.333333333,0,26.66666667,6,0,0,SW,7.6,5,2.5,76.34294532,4.445944643,3.172919279,0,16.03819076,19.21111004,439.7338,25.60855,18.27595,0,92.37965,110.6556,575.99795,72.82164981,317.2017228,53.57911149,233.3837055,73.57580009,168.5758001,0,131.4241999
Talladega,66,below30,97.57333333,3.333333333,0,10,13.33333333,0,11.66666667,4,0,0,E,11.6,3.25,0.875,48.38115697,26.28510051,6.260549333,0,19.07319319,25.33374252,175.14915,95.15715,22.6644,0,69.04865,91.71305,362.01935,58.45936134,254.641445,12.34699719,53.78192875,21.12065016,77.78731683,0,222.2126832
Talladega,67,below30,96.88,43.33333333,0,116.6666667,25,0,13.33333333,3.666666667,0,0,N/A,0,3.75,0.5,22.48445224,43.91644076,7.287513953,3.253069686,23.05852336,33.599107,78.3255,152.9847,25.38635,11.3322,80.3253,117.04385,348.35405,41.97379738,182.8324527,10.49566182,45.71775041,25.00527108,67.42951351,96.24296026,136.3275262
Talladega,68,below30,80.93333333,6.666666667,0,13.33333333,0,0,0,0,0,0,N/A,0,3,0.375,4.750869061,83.57887767,0,2.267836451,9.402416818,11.67025327,15.94285,280.47195,0,7.61035,31.5524,39.16275,335.57755,36.51353024,159.0482326,5.321774088,23.18096217,14.57480023,67.90813356,167.9447659,64.14710055
Talladega,69,below30,93.06666667,23.33333333,0,60,23.33333333,0,26.66666667,1.666666667,0,0.333333333,SE,15,2.75,0.375,48.567754,50.66058693,0,0,0.771659067,0.771659067,230.7547,240.69815,0,0,3.6663,3.6663,475.11915,51.80692054,225.6642701,13.32192152,58.02857349,25.71455972,99.04789306,146.5218254,54.43028149
Talladega,70,above70,93.76,23.33333333,0,76.66666667,3.333333333,0,5,3.666666667,0,0,E,15.2,3.5,0.875,43.86027765,50.09404389,0,0.116435289,5.929243171,6.045678459,272.02835,310.69115,0,0.72215,36.7741,37.49625,620.21575,28.20417999,122.8537736,27.32912747,119.0421576,96.89743678,196.8974368,51.72633752,51.3762257
Talladega,71,above70,87.52,5,0,20,13.33333333,6.666666667,23.33333333,1.666666667,0,0,N/A,0,6.5,1,100,0,0,0,0,0,1113.5553,0,0,0,0,0,1113.5553,33.29764238,145.0402395,33.29764238,145.0402395,100,300,0,0
Talladega,72,above70,89.94666667,23.33333333,0,23.33333333,3.333333333,0,6.666666667,1.666666667,0,0,N/A,0,3,0.75,65.01112966,31.20478575,0,0,3.784084585,3.784084585,259.58515,124.59865,0,0,15.1096,15.1096,399.2934,23.97579457,104.4354716,22.2225455,96.79854462,92.68742037,206.0207537,48.57869143,45.40055486
Talladega,74,bw3070,97.92,3.333333333,0,6.666666667,21.66666667,0,26.66666667,2.666666667,0,0,N/A,0,3.75,3,10.56260342,50.26199669,0,0,39.17539989,39.17539989,42.5513,202.47975,0,0,157.81755,157.81755,402.8486,21.4714303,93.52678357,10.1443832,44.187626,47.24595919,110.5792925,93.71265683,95.70805064
Talladega,75,below30,94.8,5,0,56.66666667,23.33333333,0,13.33333333,1.666666667,0,0,W,13.1,3,1.125,6.693892045,51.84659091,0,4.030539773,37.42897727,41.45951705,20.94235,162.206,0,12.60985,117.0994,129.70925,312.8576,18.45753735,80.39865426,3.851449866,16.77641932,20.86654245,63.29078487,77.08846406,159.6207511
Talladega,76,bw3070,94.45333333,33.33333333,0,36.66666667,20,0,16.66666667,2.666666667,0,0,N/A,0,2.75,0.25,15.48898678,52.24669604,0.387665198,0,31.87665198,32.26431718,48.82845,164.70575,1.2221,0,100.48995,101.71205,315.24625,25.30758693,110.2365875,13.53338737,58.94969148,53.4756135,124.3089468,93.30097137,82.3900818
Talladega,77,bw3070,93.76,10,0,50,3.333333333,0,3.333333333,5,0,0,SW,11.1,3,2,55.99846193,13.07357088,0.756216355,0,30.17175083,30.92796719,242.69795,56.661,3.27745,0,130.7647,134.04215,433.4011,37.10977233,161.6453863,16.88951497,73.56855084,45.51231094,108.8456443,77.55273379,113.6016219
Talladega,78,below30,90.64,35,0,70,40,0,33.33333333,0.333333333,0,0,N,11.6,2,0.175,31.47736977,49.17164816,0,0,19.35098207,19.35098207,102.37865,159.92845,0,0,62.93815,62.93815,325.24525,47.69393307,207.7486266,9.395790984,40.92685479,19.70018067,73.03351401,125.3215489,101.6449371
Talladega,79,bw3070,95.14666667,26.66666667,0,90,8.333333333,0,23.33333333,7.666666667,0,0,SW,10.5,3.25,1.25,42.28132388,46.60756501,0,0,11.11111111,11.11111111,198.70235,219.03365,0,0,52.217,52.217,469.953,40.34898819,175.7549932,25.124301,109.4382176,62.26748705,141.0553658,46.50654258,112.4380916
Talladega,80,bw3070,93.06666667,23.33333333,0,50,23.33333333,0,23.33333333,4,0,0,N,7.5,3.5,0.25,54.5029367,35.6754405,0,0,9.821622797,9.821622797,278.36105,182.204,0,0,50.16165,50.16165,510.7267,48.68182171,212.0517423,26.81272849,116.7927902,55.07749617,115.6835568,103.5271439,80.78929933
Talladega,81,bw3070,95.14666667,35,0,123.3333333,3.333333333,0,3.333333333,1,0,0,W,8.5,2.75,0.25,58.65433137,32.34650967,0,0,8.999158957,8.999158957,387.4057,213.6453,0,0,59.4385,59.4385,660.4895,39.32026584,171.2740112,17.23186607,75.05978811,43.82438853,102.1577219,118.2584796,79.58379853
Talladega,82,bw3070,94.10666667,56.66666667,0,95,0,0,0,3,0,0,N,10,2.5,0.375,51.2961185,24.98971335,0,0,23.71416815,23.71416815,207.757,101.2121,0,0,96.04595,96.04595,405.01505,35.05248288,152.6840986,21.60969046,94.12902701,61.6495286,134.9828619,52.32777223,112.6893658
Talladega,83,bw3070,93.06666667,20,0,26.66666667,13.33333333,0,20,2.333333333,1,0,SE,8,2.5,0.125,11.55283724,73.12266395,0,0,15.32449881,15.32449881,37.774,239.0872,0,0,50.1061,50.1061,326.9673,21.64571107,94.28592817,10.97697175,47.81427447,50.71199425,163.2119942,136.7880058,0
Talladega,84,bw3070,95.49333333,16.66666667,0,33.33333333,30,0,23.33333333,4.333333333,7.333333333,0,SW,6.2,2.5,0.875,29.97294603,43.65655703,0,0,26.37049694,26.37049694,116.93275,170.3163,0,0,102.8786,102.8786,390.12765,30.97322591,134.9153809,12.75851719,55.57445682,41.19208385,107.8587505,70.45405557,121.6871939
Talladega,85,above70,93.06666667,5,0,6.666666667,20,0,10,4.333333333,1.333333333,0,N/A,0,1.75,0.175,51.33075097,46.20767212,0,0,2.461576909,2.461576909,228.1994,205.4239,0,0,10.94335,10.94335,444.56665,31.28468002,136.2720348,22.56380977,98.28504781,72.12415073,207.8384364,92.16156355,0
Talladega,86,bw3070,92.72,6.666666667,0,10,37,0,13.33333333,3.333333333,1.666666667,0,N,3.4,2,0.175,44.2099004,44.55180615,0,0,11.23829344,11.23829344,165.2057,166.48335,0,0,41.9958,41.9958,373.68485,32.82234882,142.969922,15.91276633,69.3139596,48.48149782,145.4511948,106.2436707,48.30513452
Talladega,87,above70,87.86666667,23.33333333,0,60,46.66666667,0,16.66666667,5,1,0,N,3.2,3.25,0.375,42.32434232,42.12454212,0.310800311,0,15.24031524,15.55111555,211.81215,210.81225,1.5554,0,76.27015,77.82555,500.44995,36.71738828,159.936212,27.28336421,118.8428188,74.30638585,210.0206716,89.97932844,0
Talladega,88,bw3070,93.41333333,10,0,23.33333333,36.66666667,0,20,0.666666667,10.66666667,0,W,12.7,2,0.125,36.41533038,62.92505402,0,0.272944388,0.386671216,0.659615603,177.8711,307.35815,0,1.3332,1.8887,3.2219,488.45115,33.81431307,147.2907904,21.37734197,93.11694693,63.21980258,153.2198026,146.7801974,0
Talladega,89,above70,94.10666667,36.66666667,0,40,26.66666667,0,16.66666667,1.333333333,1,0,SW,8.7,3.25,0.625,83.7229344,11.38640526,0,0,4.890660347,4.890660347,431.7346,58.71635,0,0,25.2197,25.2197,515.67065,32.99973482,143.7425925,28.66965327,124.8813153,86.87843533,211.8784353,88.12156467,0
Talladega,91,bw3070,95.49333333,3.333333333,0,33.33333333,23.33333333,0,23.33333333,2.666666667,0.333333333,0,N,10.1,4,1.25,7.767784137,76.92831834,0,0,15.30389752,15.30389752,31.6635,313.57975,0,0,62.38265,62.38265,407.6259,42.77634288,186.3282374,15.32995433,66.77530567,35.83745899,99.17079231,144.6646002,56.16460747
Talladega,92,bw3070,94.8,0,0,0,23.33333333,0,26.66666667,5,0,0,N,6,4,0.25,19.14578447,75.84248858,0,0,5.011726947,5.011726947,86.15805,341.2992,0,0,22.5533,22.5533,450.01055,55.37975406,241.2270725,24.41627079,106.3541293,44.08880322,104.0888032,145.8540973,50.05709947
Talladega,93,bw3070,93.76,6.666666667,0,33.33333333,26.66666667,0,26.66666667,3,0,0,SE,9.2,3.5,1,25.09616505,69.11061895,0,0,5.793215993,5.793215993,119.59915,329.35595,0,0,27.60835,27.60835,476.56345,42.97950225,187.2131735,26.24059071,114.3006318,61.05373338,186.0537334,113.9462666,0
Talladega,94,bw3070,95.49333333,8.333333333,0,30,63.33333333,0,23.33333333,1.666666667,0,0,SE,7.1,3.5,0.5,68.69348301,24.47770502,0.233863424,0.218272529,6.376676021,6.828811974,244.7533,87.2135,0.83325,0.7777,22.71995,24.3309,356.2977,28.73381499,125.1607955,20.2332993,88.13364451,70.41633458,153.7496679,85.17320257,61.07712952
Talladega,95,above70,95.49333333,16.66666667,0,30,11.66666667,0,10,5,1,0,N/A,0,2.75,0.375,44.88086813,45.67114886,0.471809389,0,8.976173626,9.447983015,211.36775,215.0896,2.222,0,42.27355,44.49555,470.9529,27.61484702,120.2867152,21.81933199,95.0421985,79.01304674,157.5844753,0,142.4155247
Talladega,96,above70,95.49333333,31.66666667,0,73.33333333,6.666666667,0,3.333333333,1.333333333,0.666666667,0,N/A,0,2.5,0.875,56.45188425,38.19818304,1.34589502,0,4.004037685,5.349932705,372.79605,252.25255,8.888,0,26.4418,35.3298,660.3784,39.34708722,171.3908417,30.66697306,133.5813829,77.93962711,151.2729604,102.509125,46.21791457
Talladega,97,bw3070,95.84,6.666666667,0,23.33333333,31.66666667,0,20,4.333333333,0,0,N/A,0,3.5,0.5,42.97668858,45.56186491,0,0,11.4614465,11.4614465,159.7618,169.37195,0,0,42.60685,42.60685,371.7406,39.11679594,170.3877226,27.3383267,119.0822283,69.88897235,133.2223057,110.816571,55.96112329
Talladega,98,bw3070,94.8,6.666666667,0,26.66666667,56.66666667,0,40,3.333333333,0,0,SW,3.2,2.25,0.375,73.72190885,4.324469514,0,0,21.95362163,21.95362163,457.3987,26.83065,0,0,136.2086,136.2086,620.43795,41.55358275,181.0020519,27.90095473,121.5329635,67.14452251,145.7159511,0,154.2840489
Talladega,99,bw3070,96.53333333,13.33333333,0,43.33333333,16.66666667,0,6.666666667,3,0,0,N/A,0,3.5,0.875,41.2126443,17.17553134,3.258172403,0.172618405,38.18103355,41.61182436,212.201,88.4356,16.7761,0.8888,196.59145,214.25635,514.89295,74.24077663,323.3832564,32.42616087,141.2441783,43.67702271,104.7881338,0,195.2118662
Talladega,100,bw3070,94.45333333,33.33333333,0,63.33333333,13.33333333,0,13.33333333,4,0,0,W,10.5,3,0.25,31.06445313,48.81835937,0,0,20.1171875,20.1171875,176.70455,277.69445,0,0,114.433,114.433,568.832,34.65955542,150.9725572,21.46335671,93.49161607,61.92623203,152.4024225,97.14730476,50.45027274
Talladega,101,bw3070,95.84,26.66666667,0,50,16.66666667,0,13.33333333,0.666666667,0,0,W,8,3.625,0.375,25.76331361,37.47928994,0.26035503,0.295857988,36.20118343,36.75739645,120.93235,175.92685,1.2221,1.38875,169.92745,172.5383,469.3975,34.89182628,151.9842991,19.18862385,83.58317285,54.99461019,148.3279435,60.86650373,90.80555275
Talladega,102,bw3070,89.25333333,11.66666667,0,60,50,0,20,0.333333333,0,0,W,8.6,2.25,0.175,61.7896133,28.966432,0,0,9.243954699,9.243954699,336.4108,157.70645,0,0,50.3283,50.3283,544.44555,27.65137224,120.4458143,18.60984865,81.06210268,67.30171832,157.7779088,75.5416679,66.68042331
CR,103,above70,94.45333333,3.333333333,0,25,8.333333333,0,11.66666667,3.333333333,0,0,SE,3.9,3.5,0.325,63.51495726,8.333333333,0.360576923,0.894764957,26.89636752,28.1517094,264.1958,34.6632,1.49985,3.72185,111.8777,117.0994,415.9584,35.74192054,155.6872002,29.55933916,128.7566724,82.70215677,178.1567022,0,121.8432978
CR,104,bw3070,96.18666667,0.333333333,0,6.666666667,0,0,0,3.333333333,0,0,NE,5.6,2.25,0.25,55.09103169,31.63857047,0.714767363,0,12.55563048,13.27039784,226.92175,130.3203,2.94415,0,51.71705,54.6612,411.90325,29.56523909,128.7823717,16.82418879,73.28399842,56.90530268,123.5719694,86.81103861,89.61699204
CR,105,bw3070,97.92,0.333333333,0,6.666666667,3.666666667,0,16.66666667,1.666666667,1,0,E,8.5,3,0.25,58.33333333,18.14044213,0,0,23.52622453,23.52622453,299.02565,92.9907,0,0,120.59905,120.59905,512.6154,42.99401918,187.2764074,20.70909746,90.20615998,48.16739132,106.5007247,74.2937037,119.2055716
CR,106,above70,94.8,6.666666667,0,23.33333333,13.33333333,0,20,0.666666667,1,0,NE,5.7,2.5,1.45,70.19064125,16.95190641,0,0.379116118,12.47833622,12.85745234,359.964,86.93575,0,1.94425,63.9936,65.93785,512.8376,26.18927686,114.0771153,20.15881271,87.8091905,76.97353697,180.3068703,74.33093973,45.36218996
CR,107,above70,74,8.666666667,0,13.33333333,20,0,33.33333333,2,2,0,E,8.2,3.25,0.65,88.29016197,10.41784836,0,0,1.291989664,1.291989664,778.19995,91.82415,0,0,11.38775,11.38775,881.41185,34.59034771,150.6710973,30.69569639,133.7064981,88.74064133,192.66221,59.61292623,47.72486382
